
{
  "JAB1_neutral":{
    "damage_1":5,
    "hitStun_1":10,
    "launchVelocity_1":100,
    "launchVelocityWeight_1":0,
    "launchAngle_1":0,
    "knockBackGrowth_1":100,
    "effect_1":"neutral",
    "shieldStun_multiplier_1":1,
    "hitlag_multiplier_1":1,
    "shield_damage_1":1,
    "priority":0,
  },
  "JAB2_neutral":{
    "damage_1":5,
    "hitStun_1":10,
    "launchVelocity_1":200,
    "launchVelocityWeight_1":0,
    "launchAngle_1":0,
    "knockBackGrowth_1":100,
    "effect_1":"neutral",
    "shieldStun_multiplier_1":1,
    "hitlag_multiplier_1":1,
    "shield_damage_1":1
  },
  "JAB3_neutral":{
    "damage_1":5,
    "hitStun_1":30,
    "launchVelocity_1":500,
    "launchVelocityWeight_1":0,
    "launchAngle_1":0,
    "knockBackGrowth_1":100,
    "effect_1":"neutral",
    "shieldStun_multiplier_1":1,
    "hitlag_multiplier_1":1,
    "shield_damage_1":1
  },
  "FTILTR_neutral":{
    "damage_1":5,
    "hitStun_1":120,
    "launchVelocity_1":750,
    "launchVelocityWeight_1":0,
    "launchAngle_1":330,
    "knockBackGrowth_1":100,
    "effect_1":"neutral",
    "shieldStun_multiplier_1":1,
    "hitlag_multiplier_1":1,
    "shield_damage_1":1
  },
  "FTILTL_neutral":{
    "damage_1":5,
    "hitStun_1":120,
    "launchVelocity_1":750,
    "launchVelocityWeight_1":0,
    "launchAngle_1":330,
    "knockBackGrowth_1":100,
    "effect_1":"neutral",
    "shieldStun_multiplier_1":1,
    "hitlag_multiplier_1":1,
    "shield_damage_1":1
  },
  "UPTILT_neutral":{
    "damage_1":5,
    "hitStun_1":40,
    "launchVelocity_1":750,
    "launchVelocityWeight_1":0,
    "launchAngle_1":270,
    "knockBackGrowth_1":150,
    "effect_1":"neutral",
    "shieldStun_multiplier_1":1,
    "hitlag_multiplier_1":1,
    "shield_damage_1":1
  },
  "DTILT_neutral":{
    "damage_1":5,
    "hitStun_1":100,
    "launchVelocity_1":1000,
    "launchVelocityWeight_1":0,
    "launchAngle_1":350,
    "knockBackGrowth_1":100,
    "effect_1":"neutral",
    "shieldStun_multiplier_1":1,
    "hitlag_multiplier_1":1,
    "shield_damage_1":1
  },
  "NAIR_neutral":{
    "damage_1":5,
    "hitStun_1":20,
    "launchVelocity_1":0,
    "launchVelocityWeight_1":300,
    "launchAngle_1":270,
    "knockBackGrowth_1":100,
    "effect_1":"neutral",
    "shieldStun_multiplier_1":1,
    "hitlag_multiplier_1":1,
    "shield_damage_1":1,
    "damage_2":5,
    "hitStun_2":20,
    "launchVelocity_2":500,
    "launchVelocityWeight_2":0,
    "launchAngle_2":0,
    "knockBackGrowth_2":100,
    "effect_2":"neutral",
    "shieldStun_multiplier_2":1,
    "hitlag_multiplier_2":1,
    "shield_damage_2":1,
    "landingLag":4
  },
  "UPAIR_neutral":{
    "damage_1":5,
    "hitStun_1":30,
    "launchVelocity_1":750,
    "launchVelocityWeight_1":0,
    "launchAngle_1":260,
    "knockBackGrowth_1":100,
    "effect_1":"neutral",
    "shieldStun_multiplier_1":1,
    "hitlag_multiplier_1":1,
    "shield_damage_1":1,
    "priority":0,
    "landingLag":4
  },
  "UPAIR_sweet":{
    "damage_1":5,
    "hitStun_1":30,
    "launchVelocity_1":750,
    "launchVelocityWeight_1":0,
    "launchAngle_1":260,
    "knockBackGrowth_1":100,
    "effect_1":"neutral",
    "shieldStun_multiplier_1":1,
    "hitlag_multiplier_1":1,
    "shield_damage_1":1,
    "priority":1
  },
  "UPAIR_sour":{
    "damage_1":5,
    "hitStun_1":30,
    "launchVelocity_1":750,
    "launchVelocityWeight_1":0,
    "launchAngle_1":260,
    "knockBackGrowth_1":100,
    "effect_1":"neutral",
    "shieldStun_multiplier_1":1,
    "hitlag_multiplier_1":1,
    "shield_damage_1":1,
    "priority":2
  },
  "DAIR_neutral":{
    "damage_1":5,
    "hitStun_1":20,
    "launchVelocity_1":750,
    "launchVelocityWeight_1":0,
    "launchAngle_1":340,
    "knockBackGrowth_1":100,
    "effect_1":"neutral",
    "shieldStun_multiplier_1":1,
    "hitlag_multiplier_1":1,
    "shield_damage_1":1,
    "landingLag":60
  },
  "FAIR_neutral":{
    "damage_1":5,
    "hitStun_1":30,
    "launchVelocity_1":1000,
    "launchVelocityWeight_1":0,
    "launchAngle_1":90,
    "knockBackGrowth_1":100,
    "effect_1":"neutral",
    "shieldStun_multiplier_1":1,
    "hitlag_multiplier_1":1,
    "shield_damage_1":1,
    "landingLag":4,
    "priority":0,
  },
  "BAIR_neutral":{
    "damage_1":5,
    "hitStun_1":30,
    "launchVelocity_1":1000,
    "launchVelocityWeight_1":0,
    "launchAngle_1":10,
    "knockBackGrowth_1":100,
    "effect_1":"neutral",
    "shieldStun_multiplier_1":1,
    "hitlag_multiplier_1":1,
    "shield_damage_1":1,
    "landingLag":4,
    "priority":0,
  },
  "DASHATTACK_neutral":{
    "damage_1":5,
    "hitStun_1":90,
    "launchVelocity_1":1000,
    "launchVelocityWeight_1":0,
    "launchAngle_1":330,
    "knockBackGrowth_1":100,
    "effect_1":"neutral",
    "shieldStun_multiplier_1":1,
    "hitlag_multiplier_1":1,
    "shield_damage_1":1
  },
  "UPSMASH_neutral":{
    "damage_1":5,
    "hitStun_1":30,
    "launchVelocity_1":1500,
    "launchVelocityWeight_1":0,
    "launchAngle_1":290,
    "knockBackGrowth_1":100,
    "effect_1":"neutral",
    "shieldStun_multiplier_1":1,
    "hitlag_multiplier_1":1,
    "shield_damage_1":1
  },
  "GRABJAB":{
    "damage":2.5
},
  "UTHROW":{
    "damage":5,
    "hitStun":30,
    "launchVelocity":1100,
    "launchVelocityWeight":0,
    "launchAngle":270,
    "knockBackGrowth":100,
    "effect":"neutral"
  },
  "DTHROW":{
    "damage":5,
    "hitStun":30,
    "launchVelocity":1100,
    "launchVelocityWeight":0,
    "launchAngle":70,
    "knockBackGrowth":100,
    "effect":"neutral"
  },
  "FTHROW":{
    "damage":5,
    "hitStun":30,
    "launchVelocity":1000,
    "launchVelocityWeight":0,
    "launchAngle":330,
    "knockBackGrowth":100,
    "effect":"neutral"
  },
  "BTHROW":{
    "damage":5,
    "hitStun":30,
    "launchVelocity":1000,
    "launchVelocityWeight":0,
    "launchAngle":200,
    "knockBackGrowth":100,
    "effect":"neutral"
  }
}
